tp	pp	dp	default_mhz	balanced_mhz	neighborhood	runtime_ratio	energy_ratio	comm_share	pipe_exp	tp_sync	dp_ovlp
4	1	8	712	1597	712,720,727	1.076576	0.505622	0.186732	0.000000	0.631579	0.175000
2	1	16	712	1597	712,720,727	1.074916	0.509065	0.157761	0.000000	0.516129	0.187500
4	2	4	795	1597	795,802,810	1.245671	0.620787	0.216011	0.260000	0.526316	0.150000
4	4	2	847	1597	847,855,862	1.334658	0.678594	0.222175	0.422727	0.507692	0.100000
2	2	8	862	1597	862,870,877	1.404552	0.699187	0.197251	0.300000	0.393443	0.175000
2	4	4	952	1597	952,960,967	1.549299	0.793056	0.214310	0.492857	0.354430	0.150000
1	2	16	990	1597	990,997,1005	1.673216	0.841049	0.140260	0.350000	0.000000	0.187500
1	4	8	1125	1597	1125,1132,1140	1.959306	0.995885	0.167086	0.570000	0.000000	0.175000
