{
  "hostname": "DGX2-1",
  "world_size": 16,
  "local_world_size": 8,
  "master_addr": "192.168.205.201",
  "master_port": "30010",
  "nccl_socket_ifname": "tailscale0",
  "nccl_ib_disable": "1",
  "results": [
    {
      "size_mb": 4,
      "median_ms": 37.17417037114501,
      "p95_ms": 38.71130240149796,
      "avg_ms": 35.669377159016825,
      "std_ms": 3.421755461299577,
      "cv": 0.09592977881405465,
      "algbw_gbps": 0.22565689876192443,
      "busbw_gbps": 0.21155334258930417
    },
    {
      "size_mb": 16,
      "median_ms": 151.95006923750043,
      "p95_ms": 152.9691702220589,
      "avg_ms": 136.6164547856897,
      "std_ms": 18.58671935481354,
      "cv": 0.13605037097449596,
      "algbw_gbps": 0.2208253814452291,
      "busbw_gbps": 0.20702379510490226
    },
    {
      "size_mb": 64,
      "median_ms": 607.5471760705113,
      "p95_ms": 613.315145811066,
      "avg_ms": 607.245436993738,
      "std_ms": 5.089252517553136,
      "cv": 0.008380882271834372,
      "algbw_gbps": 0.22091737610911524,
      "busbw_gbps": 0.20711004010229553
    },
    {
      "size_mb": 256,
      "median_ms": 2417.49071655795,
      "p95_ms": 2427.751526515931,
      "avg_ms": 2407.030082885952,
      "std_ms": 28.31531625547031,
      "cv": 0.011763590516293486,
      "algbw_gbps": 0.22207775538613145,
      "busbw_gbps": 0.20819789567449823
    }
  ]
}
