{
  "timestamp": "2026-04-10T05:11:36+00:00",
  "hostname": "DGX2-1",
  "world_size": 8,
  "local_world_size": 1,
  "master_addr": "192.168.205.201",
  "master_port": "29564",
  "nccl_socket_ifname": "enp6s0",
  "nccl_ib_disable": "0",
  "busbw_gbps": 18.756872925247535,
  "nccl_env": {
    "NCCL_SOCKET_IFNAME": "enp6s0",
    "NCCL_IB_DISABLE": "0",
    "NCCL_IB_HCA": "mlx5_0,mlx5_1,mlx5_2,mlx5_3,mlx5_6,mlx5_7,mlx5_8,mlx5_9",
    "NCCL_DEBUG": "WARN"
  },
  "results": [
    {
      "size_mb": 1,
      "median_ms": 0.2584969624876976,
      "p95_ms": 0.32990099862217903,
      "avg_ms": 0.2739386012156804,
      "std_ms": 0.0350093957575511,
      "cv": 0.12780015522524737,
      "algbw_gbps": 7.300906083058143,
      "busbw_gbps": 6.388292822675875
    },
    {
      "size_mb": 4,
      "median_ms": 0.690000131726265,
      "p95_ms": 0.8014775812625885,
      "avg_ms": 0.7112606739004453,
      "std_ms": 0.056445908790463746,
      "cv": 0.07936036795191131,
      "algbw_gbps": 11.247634367480515,
      "busbw_gbps": 9.84168007154545
    },
    {
      "size_mb": 16,
      "median_ms": 1.986485905945301,
      "p95_ms": 4.442873876541853,
      "avg_ms": 2.4256876980264983,
      "std_ms": 1.2444676926434994,
      "cv": 0.513037063120689,
      "algbw_gbps": 13.192135173062345,
      "busbw_gbps": 11.543118276429553
    },
    {
      "size_mb": 64,
      "median_ms": 5.981968715786934,
      "p95_ms": 6.220776587724686,
      "avg_ms": 5.971144574383895,
      "std_ms": 0.18651788481028692,
      "cv": 0.031236538068504547,
      "algbw_gbps": 21.4364262002829,
      "busbw_gbps": 18.756872925247535
    }
  ]
}
