{
  "source_root": "/home/sd/Megatron-DeepSpeed/.context/dual-node-topology-predictions-20260318/source_tp2pp4dp2",
  "target_run_for_workload": "/home/sd/Megatron-DeepSpeed/experiments/dual32_tp4pp1dp8_static1050_20260325_131916_DGX2-1/run.json",
  "calibration": {
    "throughput_mape": 0.0064213277231348585,
    "power_mape": 0.00840898768692981,
    "total_time_mape": 0.006478155181695627,
    "total_energy_mape": 0.0035712150900528935,
    "runtime_ratio_mape": 0.006478155181695618,
    "energy_ratio_mape": 0.0035712150900528636,
    "objective": 0.005502779649705872,
    "params": {
      "compute_limit_at_max_tokens_per_s": 2078.9466422876203,
      "memory_limit_tokens_per_s": 9530.227185213707,
      "communication_limit_tokens_per_s": 2463.936761229772,
      "communication_penalty": 1.2,
      "static_power_w": 1089.9910848692134,
      "dynamic_power_w": 2781.189463483946,
      "dynamic_power_exponent": 2.2,
      "throughput_saturation_ratio": 1.0,
      "correction_split_ratio": 0.72,
      "correction_transition_width": 0.06,
      "throughput_low_freq_correction": 0.0,
      "throughput_high_freq_correction": 0.0,
      "power_low_freq_correction": 0.0,
      "power_high_freq_correction": 0.0,
      "correction_topology_weight": 1.0,
      "correction_communication_weight": 0.5,
      "reference_min_frequency_ratio": 0.7420162805259862,
      "reference_max_frequency_ratio": 0.788979336255479,
      "reference_observed_frequency_ratios": [
        0.7420162805259862,
        0.7463994990607389,
        0.7514088916718847,
        0.7557921102066374,
        0.7608015028177834,
        0.7795867251095805,
        0.7839699436443331,
        0.788979336255479
      ],
      "reference_pipeline_exposed_fraction": 0.42272727272727273,
      "reference_dp_overlapable_fraction": 0.1,
      "reference_tp_sync_fraction": 0.4074074074074074,
      "reference_topology_features_present": true,
      "cross_node_alpha_pp_s_per_byte": 0.0,
      "cross_node_alpha_dp_s_per_byte": 5.730296610884271e-10,
      "cross_node_alpha_tp_s_per_byte": 0.0,
      "cross_node_reference_cross_node_pp_bytes": 0.0,
      "cross_node_reference_pp_cross_node_wait_pressure": 0.0,
      "cross_node_reference_cross_node_dp_bytes": 892731392.0,
      "cross_node_beta_pp_wait_s": 0.0,
      "cross_node_beta_pp_edge_s": 0.0,
      "cross_node_power_base_drop": 0.032376873512355575,
      "cross_node_power_low_freq_reference_ratio": 0.742,
      "cross_node_power_low_freq_gamma": 1.4591336528477132
    }
  },
  "target_workload": {
    "num_layers": 28,
    "hidden_size": 3584,
    "ffn_hidden_size": 18944,
    "num_attention_heads": 28,
    "num_key_value_heads": 4,
    "seq_length": 2048,
    "micro_batch_size": 1,
    "global_batch_size": 32,
    "train_iters": 20,
    "tensor_model_parallel_size": 4,
    "pipeline_model_parallel_size": 1,
    "data_parallel_size": 8,
    "zero_stage": 1,
    "precision_mode": "bf16",
    "swiglu": true,
    "node_count": 1,
    "gpus_per_node": 0
  },
  "target_points": {
    "1050": {
      "frequency_mhz": 1050,
      "frequency_ratio": 0.6574827802128992,
      "throughput_tokens_per_s": 1918.459902111937,
      "throughput_samples_per_s": 0.9367479990780943,
      "power_w": 2455.1453629272996,
      "step_time_s": 34.16073483102497,
      "tokens_per_j": 0.7814037942847237,
      "tokens_per_wh": 2813.053659425005,
      "samples_per_wh": 1.373561357141116,
      "component_limits": {
        "compute_tokens_per_s": 1522.3682145495486,
        "memory_tokens_per_s": 9530.227185213707,
        "communication_tokens_per_s": 2394.179265045152
      },
      "objective_metric_value": 0.7814037942847237,
      "estimated_total_time_s": 683.2146966204994,
      "estimated_total_energy_j": 1677391.394291601,
      "estimated_total_energy_wh": 465.9420539698891
    },
    "1125": {
      "frequency_mhz": 1125,
      "frequency_ratio": 0.704445835942392,
      "throughput_tokens_per_s": 1997.1004655422462,
      "throughput_samples_per_s": 0.9751467116905499,
      "power_w": 2670.306431222417,
      "step_time_s": 32.815574945152235,
      "tokens_per_j": 0.7478918682107996,
      "tokens_per_wh": 2692.4107255588783,
      "samples_per_wh": 1.314653674589296,
      "component_limits": {
        "compute_tokens_per_s": 1608.2655431681947,
        "memory_tokens_per_s": 9530.227185213707,
        "communication_tokens_per_s": 2407.445390566319
      },
      "objective_metric_value": 0.7478918682107996,
      "estimated_total_time_s": 656.3114989030447,
      "estimated_total_energy_j": 1752552.8164060244,
      "estimated_total_energy_wh": 486.8202267794512
    },
    "1200": {
      "frequency_mhz": 1200,
      "frequency_ratio": 0.7514088916718847,
      "throughput_tokens_per_s": 2069.467213742655,
      "throughput_samples_per_s": 1.0104820379602808,
      "power_w": 2902.8433895653857,
      "step_time_s": 31.668054253189833,
      "tokens_per_j": 0.7129103902682453,
      "tokens_per_wh": 2566.477404965683,
      "samples_per_wh": 1.2531627953934,
      "component_limits": {
        "compute_tokens_per_s": 1689.5048776391563,
        "memory_tokens_per_s": 9530.227185213707,
        "communication_tokens_per_s": 2419.1744361610813
      },
      "objective_metric_value": 0.7129103902682453,
      "estimated_total_time_s": 633.3610850637966,
      "estimated_total_energy_j": 1838548.0389854019,
      "estimated_total_energy_wh": 510.70778860705605
    }
  },
  "recommended_frequencies_mhz": [
    690,
    697,
    705
  ],
  "supported_sweet_spot": {
    "frequency_mhz": 690,
    "frequency_ratio": 0.43206011271133377,
    "throughput_tokens_per_s": 1460.2685526215455,
    "throughput_samples_per_s": 0.713021754209739,
    "power_w": 1659.4555669522817,
    "step_time_s": 44.87941610626797,
    "tokens_per_j": 0.8799684557408436,
    "tokens_per_wh": 3167.886440667037,
    "samples_per_wh": 1.5468195511069518,
    "component_limits": {
      "compute_tokens_per_s": 1067.663950081687,
      "memory_tokens_per_s": 9530.227185213707,
      "communication_tokens_per_s": 2295.198112866206
    },
    "objective_metric_value": 0.8799684557408436,
    "estimated_total_time_s": 897.5883221253594,
    "estimated_total_energy_j": 1489507.9379822854,
    "estimated_total_energy_wh": 413.7522049950793
  },
  "supported_balanced_sweet_spot": {
    "frequency_mhz": 690,
    "frequency_ratio": 0.43206011271133377,
    "throughput_tokens_per_s": 1460.2685526215455,
    "throughput_samples_per_s": 0.713021754209739,
    "power_w": 1659.4555669522817,
    "step_time_s": 44.87941610626797,
    "tokens_per_j": 0.8799684557408436,
    "tokens_per_wh": 3167.886440667037,
    "samples_per_wh": 1.5468195511069518,
    "component_limits": {
      "compute_tokens_per_s": 1067.663950081687,
      "memory_tokens_per_s": 9530.227185213707,
      "communication_tokens_per_s": 2295.198112866206
    },
    "objective_metric_value": 0.8799684557408436,
    "estimated_total_time_s": 897.5883221253594,
    "estimated_total_energy_j": 1489507.9379822854,
    "estimated_total_energy_wh": 413.7522049950793
  },